fold,coupon_size,n_half_requested,n_half_effective,n_coupons,n_test_matches,n_matches_evaluated,gain_ticket_hit_rate,gain_ticket_hits,gain_mean_correct,gain_median_correct,gain_rescues,gain_rescue_rate,entropy_ticket_hit_rate,entropy_ticket_hits,entropy_mean_correct,entropy_median_correct,entropy_rescues,entropy_rescue_rate,n_divergent_coupons,divergence_rate
1,8,2,2,144,1154,1152,0.013889,2,4.486111,4.5,1,0.006944,0.006944,1,4.513889,4.5,0,0.0,73,0.506944
1,8,4,4,144,1154,1152,0.020833,3,5.125,5.0,2,0.013889,0.027778,4,5.131944,5.0,3,0.020833,42,0.291667
2,8,2,2,144,1155,1152,0.006944,1,4.416667,4.5,1,0.006944,0.0,0,4.375,4.0,0,0.0,43,0.298611
2,8,4,4,144,1155,1152,0.020833,3,4.902778,5.0,3,0.020833,0.020833,3,4.9375,5.0,3,0.020833,37,0.256944
3,8,2,2,145,1161,1160,0.02069,3,4.482759,4.0,3,0.02069,0.02069,3,4.441379,4.0,3,0.02069,34,0.234483
3,8,4,4,145,1161,1160,0.034483,5,5.041379,5.0,5,0.034483,0.034483,5,5.034483,5.0,5,0.034483,27,0.186207
4,8,2,2,143,1146,1144,0.0,0,4.538462,5.0,0,0.0,0.0,0,4.517483,5.0,0,0.0,51,0.356643
4,8,4,4,143,1146,1144,0.013986,2,5.132867,5.0,2,0.013986,0.020979,3,5.125874,5.0,3,0.020979,45,0.314685
